at_31-40\s31/1.pgm;30
at_31-40\s31/10.pgm;30
at_31-40\s31/2.pgm;30
at_31-40\s31/3.pgm;30
at_31-40\s31/4.pgm;30
at_31-40\s31/5.pgm;30
at_31-40\s31/6.pgm;30
at_31-40\s31/7.pgm;30
at_31-40\s31/8.pgm;30
at_31-40\s31/9.pgm;30
at_31-40\s32/1.pgm;31
at_31-40\s32/10.pgm;31
at_31-40\s32/2.pgm;31
at_31-40\s32/3.pgm;31
at_31-40\s32/4.pgm;31
at_31-40\s32/5.pgm;31
at_31-40\s32/6.pgm;31
at_31-40\s32/7.pgm;31
at_31-40\s32/8.pgm;31
at_31-40\s32/9.pgm;31
at_31-40\s33/1.pgm;32
at_31-40\s33/10.pgm;32
at_31-40\s33/2.pgm;32
at_31-40\s33/3.pgm;32
at_31-40\s33/4.pgm;32
at_31-40\s33/5.pgm;32
at_31-40\s33/6.pgm;32
at_31-40\s33/7.pgm;32
at_31-40\s33/8.pgm;32
at_31-40\s33/9.pgm;32
at_31-40\s34/1.pgm;33
at_31-40\s34/10.pgm;33
at_31-40\s34/2.pgm;33
at_31-40\s34/3.pgm;33
at_31-40\s34/4.pgm;33
at_31-40\s34/5.pgm;33
at_31-40\s34/6.pgm;33
at_31-40\s34/7.pgm;33
at_31-40\s34/8.pgm;33
at_31-40\s34/9.pgm;33
at_31-40\s35/1.pgm;34
at_31-40\s35/10.pgm;34
at_31-40\s35/2.pgm;34
at_31-40\s35/3.pgm;34
at_31-40\s35/4.pgm;34
at_31-40\s35/5.pgm;34
at_31-40\s35/6.pgm;34
at_31-40\s35/7.pgm;34
at_31-40\s35/8.pgm;34
at_31-40\s35/9.pgm;34
at_31-40\s36/1.pgm;35
at_31-40\s36/10.pgm;35
at_31-40\s36/2.pgm;35
at_31-40\s36/3.pgm;35
at_31-40\s36/4.pgm;35
at_31-40\s36/5.pgm;35
at_31-40\s36/6.pgm;35
at_31-40\s36/7.pgm;35
at_31-40\s36/8.pgm;35
at_31-40\s36/9.pgm;35
at_31-40\s37/1.pgm;36
at_31-40\s37/10.pgm;36
at_31-40\s37/2.pgm;36
at_31-40\s37/3.pgm;36
at_31-40\s37/4.pgm;36
at_31-40\s37/5.pgm;36
at_31-40\s37/6.pgm;36
at_31-40\s37/7.pgm;36
at_31-40\s37/8.pgm;36
at_31-40\s37/9.pgm;36
at_31-40\s38/1.pgm;37
at_31-40\s38/10.pgm;37
at_31-40\s38/2.pgm;37
at_31-40\s38/3.pgm;37
at_31-40\s38/4.pgm;37
at_31-40\s38/5.pgm;37
at_31-40\s38/6.pgm;37
at_31-40\s38/7.pgm;37
at_31-40\s38/8.pgm;37
at_31-40\s38/9.pgm;37
at_31-40\s39/1.pgm;38
at_31-40\s39/10.pgm;38
at_31-40\s39/2.pgm;38
at_31-40\s39/3.pgm;38
at_31-40\s39/4.pgm;38
at_31-40\s39/5.pgm;38
at_31-40\s39/6.pgm;38
at_31-40\s39/7.pgm;38
at_31-40\s39/8.pgm;38
at_31-40\s39/9.pgm;38
at_31-40\s40/1.pgm;39
at_31-40\s40/10.pgm;39
at_31-40\s40/2.pgm;39
at_31-40\s40/3.pgm;39
at_31-40\s40/4.pgm;39
at_31-40\s40/5.pgm;39
at_31-40\s40/6.pgm;39
at_31-40\s40/7.pgm;39
at_31-40\s40/8.pgm;39
at_31-40\s40/9.pgm;39
